{"cameraMode":{"drawMode":0,"name":"Shaded","section":"Shading Mode"},"sceneLighting":false,"audioPlay":false,"sceneViewState":{"m_AlwaysRefresh":false,"showFog":true,"showSkybox":false,"showFlares":true,"showImageEffects":true,"showParticleSystems":true,"showVisualEffectGraphs":true,"m_FxEnabled":true},"in2DMode":false,"pivot":{"x":11.029638290405274,"y":1.9883195161819459,"z":11.561484336853028},"rotation":{"x":-0.025358321145176889,"y":0.7789387702941895,"z":-0.031564369797706607,"w":-0.62579345703125},"size":2.7649993896484377,"orthographic":false}